﻿{
  "ingredientPattern": "CTC,STI",
  "width": 3,
  "height": 2,
  "ingredients": {
    "T": {
      "type": "item",
      "code": "game:metalplate-copper",
      "quantity": 2
    },
    "S": {
      "type": "item",
      "code": "game:solderingiron",
      "isTool": true,
      "toolDurabilityCost": 1
    },
    "I": {
      "type": "item",
      "code": "game:solderbar-*",
      "quantity": 2,
      "name": "mat",
      "allowedVariants": [ "tin", "silver" ]
    },
    "C": {
      "type": "item",
      "code": "game:chutesection-copper",
      "quantity": 1
    }
  },
  "output": {
    "type": "block",
    "code": "lavoisier:alembicdissolver",
    "quantity": 1
  }
}