[
	{
		"code": "ostwaldprocess",
		"setup": [ "alembicboilingflask", "alembiccomponent-catalyser", "alembiccomponent-reactionchamber", "alembicdissolver" ],
		"ticksPerItem": 30,
		"liquidInput": {
			"type": "item",
			"code": "chemistrylib:ammoniaportion",
			"stackSize": 2
		},
		"endInput": {
			"type": "item",
			"code": "game:waterportion",
			"stackSize": 1
		},
		"product": {
			"type": "item",
			"code": "chemistrylib:mineralacidportion-nitric",
			"stackSize": 1
		}
	},
	{
		"code": "nitricacidsaltpeter",
		"setup": [ "alembicboilingflask", "alembicdissolver" ],
		"ticksPerItem": 20,
		"liquidInput": {
			"type": "item",
			"code": "chemistrylib:mineralacidportion-sulfuric",
			"stackSize": 1
		},
		"solidInput": {
			"type": "item",
			"code": "game:saltpeter",
			"stackSize": 1
		},
		"endInput": {
			"type": "item",
			"code": "game:waterportion",
			"stackSize": 1
		},
		"product": {
			"type": "item",
			"code": "chemistrylib:mineralacidportion-nitric",
			"stackSize": 1
		}
	},
	{
		"code": "hydrochloricsalt",
		"setup": [ "alembicboilingflask", "alembicdissolver" ],
		"ticksPerItem": 20,
		"solidInput": {
			"type": "item",
			"code": "game:salt",
			"stackSize": 1
		},
		"liquidInput": {
			"type": "item",
			"code": "chemistrylib:mineralacidportion-sulfuric",
			"stackSize": 1
		},
		"endInput": {
			"type": "item",
			"code": "game:waterportion",
			"stackSize": 1
		},
		"product": {
			"type": "item",
			"code": "chemistrylib:mineralacidportion-hydrochloric",
			"stackSize": 1
		},
		"solidByproduct": {
			"type": "item",
			"code": "chemistrylib:glauberssalt",
			"stackSize": 1
		}
	},
	{
		"code": "hydrofluoricfluorine",
		"setup": [ "alembicboilingflask", "alembicdissolver" ],
		"ticksPerItem": 20,
		"solidInput": {
			"type": "item",
			"code": "game:ore-fluorite",
			"stackSize": 1
		},
		"liquidInput": {
			"type": "item",
			"code": "chemistrylib:mineralacidportion-sulfuric",
			"stackSize": 1
		},
		"endInput": {
			"type": "item",
			"code": "game:waterportion",
			"stackSize": 1
		},
		"product": {
			"type": "item",
			"code": "chemistrylib:mineralacidportion-hydrofluoric",
			"stackSize": 1
		}
	},
	{
		"code": "sulfuricacidleadchamber",
		"setup": [ "alembicboilingflask", "alembiccomponent-reactionchamber", "alembicdissolver" ],
		"ticksPerItem": 200,
		"solidInput": {
			"type": "item",
			"code": "game:powderedsulfur",
			"stackSize": 2
		},
		"liquidInput": {
			"type": "item",
			"code": "chemistrylib:mineralacidportion-nitric",
			"stackSize": 1
		},
		"endInput": {
			"type": "item",
			"code": "game:waterportion",
			"stackSize": 2
		},
		"product": {
			"type": "item",
			"code": "chemistrylib:mineralacidportion-sulfuric",
			"stackSize": 2
		}
	},
	{
		"code": "sulfuricacidcontact",
		"setup": [ "alembicboilingflask", "alembiccomponent-catalyser", "alembicdissolver" ],
		"ticksPerItem": 40,
		"solidInput": {
			"type": "item",
			"code": "game:powderedsulfur",
			"stackSize": 1
		},
		"endInput": {
			"type": "item",
			"code": "game:water",
			"stackSize": 1
		},
		"product": {
			"type": "item",
			"code": "chemistrylib:mineralacidportion-sulfuric",
			"stackSize": 1
		}
	},
	{
		"code": "aceticaciddistillation",
		"setup": [ "alembicboilingflask", "alembiccomponent-refluxvertical" ],
		"ticksPerItem": 40,
		"liquidInput": {
			"type": "item",
			"code": "game:vinegarportion",
			"stackSize": 10
		},
		"liquidByproduct": {
			"type": "item",
			"code": "chemistrylib:aceticacidportion",
			"stackSize": 1
		}
	}
]